{"cameraMode":{"drawMode":0,"name":"Shaded","section":"Shading Mode"},"sceneLighting":true,"audioPlay":false,"sceneViewState":{"m_AlwaysRefresh":false,"showFog":true,"showSkybox":true,"showFlares":true,"showImageEffects":true,"showParticleSystems":true,"showVisualEffectGraphs":true,"m_FxEnabled":true},"in2DMode":false,"pivot":{"x":103.72698974609375,"y":-180.05409240722657,"z":263.4002685546875},"rotation":{"x":-0.3818473219871521,"y":-0.06288869678974152,"z":0.027607744559645654,"w":-0.9220839738845825},"size":192.80862426757813,"orthographic":false}