{"cameraMode":{"drawMode":0,"name":"Shaded","section":"Shading Mode"},"sceneLighting":true,"audioPlay":false,"sceneViewState":{"m_AlwaysRefresh":false,"showFog":true,"showSkybox":true,"showFlares":true,"showImageEffects":true,"showParticleSystems":true,"showVisualEffectGraphs":true,"m_FxEnabled":true},"in2DMode":false,"pivot":{"x":0.8827508091926575,"y":0.7218930721282959,"z":5.462503433227539},"rotation":{"x":-0.09845463931560517,"y":0.08822335302829743,"z":-0.008774601854383946,"w":-0.9912434816360474},"size":1.115795612335205,"orthographic":false}